{"train/loss": 0.02, "train/grad_norm": 0.3180767595767975, "train/learning_rate": 9.259259259259259e-07, "train/epoch": 8.64, "train/global_step": 60, "_timestamp": 1741158655.9494617, "_runtime": 31.17158269882202, "_step": 6, "train_runtime": 32.3075, "train_samples_per_second": 30.953, "train_steps_per_second": 1.857, "total_flos": 5.1271803552242074e+17, "train_loss": 0.13681771531701087, "_wandb": {"runtime": 32}}