{"train/loss": 0.0035, "train/grad_norm": 0.013292966410517693, "train/learning_rate": 0.0, "train/epoch": 8.64, "train/global_step": 60, "_timestamp": 1743086927.948769, "_runtime": 336.26091504096985, "_step": 69, "train_runtime": 30.7995, "train_samples_per_second": 32.468, "train_steps_per_second": 1.948, "total_flos": 5.1271803552242074e+17, "train_loss": 0.01211006964246432, "_wandb": {"runtime": 337}}