{"train/loss": 0.0006, "train/grad_norm": 0.012017570436000824, "train/learning_rate": 0.0, "train/epoch": 8.64, "train/global_step": 60, "_timestamp": 1741138629.7238421, "_runtime": 545.475682258606, "_step": 69, "train_runtime": 29.7594, "train_samples_per_second": 33.603, "train_steps_per_second": 2.016, "total_flos": 5.1271803552242074e+17, "train_loss": 0.006905719086838265, "_wandb": {"runtime": 546}}