{"train/loss": 0.0, "train/grad_norm": 0.0034304566215723753, "train/learning_rate": 0.0, "train/epoch": 8.64, "train/global_step": 60, "_timestamp": 1743061092.9892962, "_runtime": 326.97525930404663, "_step": 69, "train_runtime": 31.024, "train_samples_per_second": 32.233, "train_steps_per_second": 1.934, "total_flos": 5.1271803552242074e+17, "train_loss": 0.0010917569656157867, "_wandb": {"runtime": 327}}