{"train/loss": 0.0183, "train/grad_norm": 0.5716100335121155, "train/learning_rate": 3.7037037037037037e-05, "train/epoch": 2.96, "train/global_step": 20, "_timestamp": 1741137073.550726, "_runtime": 1543.4964809417725, "_step": 36, "train_runtime": 304.8056, "train_samples_per_second": 3.281, "train_steps_per_second": 0.197, "total_flos": 5.1271803552242074e+17, "train_loss": 0.006819969741627574, "_wandb": {"runtime": 1610}}