{"train/loss": 0.0006, "train/grad_norm": 0.012017570436000824, "train/learning_rate": 0.0, "train/epoch": 8.64, "train/global_step": 60, "_timestamp": 1741139255.544989, "_runtime": 325.1748161315918, "_step": 69, "train_runtime": 28.8834, "train_samples_per_second": 34.622, "train_steps_per_second": 2.077, "total_flos": 5.1271803552242074e+17, "train_loss": 0.006905719086838265, "_wandb": {"runtime": 326}}