{"train/loss": 0.0019, "train/grad_norm": 0.028975917026400566, "train/learning_rate": 0.0, "train/epoch": 8.64, "train/global_step": 60, "_timestamp": 1743058235.3750968, "_runtime": 658.8197717666626, "_step": 69, "train_runtime": 30.0399, "train_samples_per_second": 33.289, "train_steps_per_second": 1.997, "total_flos": 5.1271803552242074e+17, "train_loss": 0.03119640511771043, "_wandb": {"runtime": 659}}