{"train/loss": 0.0001, "train/grad_norm": 0.0023834325838834047, "train/learning_rate": 0.0, "train/epoch": 8.64, "train/global_step": 60, "_timestamp": 1741137396.6210692, "_runtime": 221.5457742214203, "_step": 34, "train_runtime": 30.5471, "train_samples_per_second": 32.736, "train_steps_per_second": 1.964, "total_flos": 5.1271803552242074e+17, "train_loss": 0.0013845932310990368, "_wandb": {"runtime": 223}}